date_id,full_date,day,month,month_name,quarter,year,weekday
1,2016-11-08,8,11,November,4,2016,Tuesday
2,2016-06-12,12,6,June,2,2016,Sunday
3,2015-10-11,11,10,October,4,2015,Sunday
4,2014-06-09,9,6,June,2,2014,Monday
5,2017-04-15,15,4,April,2,2017,Saturday
6,2016-12-05,5,12,December,4,2016,Monday
7,2015-11-22,22,11,November,4,2015,Sunday
8,2014-11-11,11,11,November,4,2014,Tuesday
9,2014-05-13,13,5,May,2,2014,Tuesday
10,2014-08-27,27,8,August,3,2014,Wednesday
11,2016-12-09,9,12,December,4,2016,Friday
12,2017-07-16,16,7,July,3,2017,Sunday
13,2015-09-25,25,9,September,3,2015,Friday
14,2016-01-16,16,1,January,1,2016,Saturday
15,2015-09-17,17,9,September,3,2015,Thursday
16,2017-10-19,19,10,October,4,2017,Thursday
17,2016-12-08,8,12,December,4,2016,Thursday
18,2015-12-27,27,12,December,4,2015,Sunday
19,2017-09-10,10,9,September,3,2017,Sunday
20,2016-07-17,17,7,July,3,2016,Sunday
21,2017-09-19,19,9,September,3,2017,Tuesday
22,2016-03-11,11,3,March,1,2016,Friday
23,2014-10-20,20,10,October,4,2014,Monday
24,2016-06-20,20,6,June,2,2016,Monday
25,2015-04-18,18,4,April,2,2015,Saturday
26,2016-12-11,11,12,December,4,2016,Sunday
27,2016-06-17,17,6,June,2,2016,Friday
28,2015-11-24,24,11,November,4,2015,Tuesday
29,2015-04-30,30,4,April,2,2015,Thursday
30,2014-12-05,5,12,December,4,2014,Friday
31,2016-06-04,4,6,June,2,2016,Saturday
32,2016-09-18,18,9,September,3,2016,Sunday
33,2017-09-14,14,9,September,3,2017,Thursday
34,2015-04-26,26,4,April,2,2015,Sunday
35,2017-12-09,9,12,December,4,2017,Saturday
36,2014-11-26,26,11,November,4,2014,Wednesday
37,2014-10-12,12,10,October,4,2014,Sunday
38,2015-09-03,3,9,September,3,2015,Thursday
39,2017-11-13,13,11,November,4,2017,Monday
40,2017-05-28,28,5,May,2,2017,Sunday
41,2017-10-26,26,10,October,4,2017,Thursday
42,2016-04-05,5,4,April,2,2016,Tuesday
43,2016-09-17,17,9,September,3,2016,Saturday
44,2015-01-31,31,1,January,1,2015,Saturday
45,2017-11-06,6,11,November,4,2017,Monday
46,2017-11-09,9,11,November,4,2017,Thursday
47,2017-06-17,17,6,June,2,2017,Saturday
48,2016-09-06,6,9,September,3,2016,Tuesday
49,2016-08-29,29,8,August,3,2016,Monday
50,2016-12-01,1,12,December,4,2016,Thursday
51,2015-11-13,13,11,November,4,2015,Friday
52,2017-11-23,23,11,November,4,2017,Thursday
53,2015-10-15,15,10,October,4,2015,Thursday
54,2017-12-25,25,12,December,4,2017,Monday
55,2016-11-03,3,11,November,4,2016,Thursday
56,2014-08-25,25,8,August,3,2014,Monday
57,2015-03-02,2,3,March,1,2015,Monday
58,2015-04-05,5,4,April,2,2015,Sunday
59,2014-12-26,26,12,December,4,2014,Friday
60,2014-09-20,20,9,September,3,2014,Saturday
61,2017-11-05,5,11,November,4,2017,Sunday
62,2016-11-06,6,11,November,4,2016,Sunday
63,2017-02-02,2,2,February,1,2017,Thursday
64,2016-10-13,13,10,October,4,2016,Thursday
65,2016-09-05,5,9,September,3,2016,Monday
66,2017-09-18,18,9,September,3,2017,Monday
67,2017-12-22,22,12,December,4,2017,Friday
68,2015-09-07,7,9,September,3,2015,Monday
69,2014-10-22,22,10,October,4,2014,Wednesday
70,2016-03-13,13,3,March,1,2016,Sunday
71,2015-05-31,31,5,May,2,2015,Sunday
72,2015-05-28,28,5,May,2,2015,Thursday
73,2014-03-01,1,3,March,1,2014,Saturday
74,2016-11-20,20,11,November,4,2016,Sunday
75,2016-05-11,11,5,May,2,2016,Wednesday
76,2015-12-28,28,12,December,4,2015,Monday
77,2016-11-16,16,11,November,4,2016,Wednesday
78,2016-11-07,7,11,November,4,2016,Monday
79,2014-09-08,8,9,September,3,2014,Monday
80,2014-08-05,5,8,August,3,2014,Tuesday
81,2014-09-14,14,9,September,3,2014,Sunday
82,2017-04-21,21,4,April,2,2017,Friday
83,2015-11-21,21,11,November,4,2015,Saturday
84,2015-12-15,15,12,December,4,2015,Tuesday
85,2014-11-19,19,11,November,4,2014,Wednesday
86,2016-11-28,28,11,November,4,2016,Monday
87,2014-08-26,26,8,August,3,2014,Tuesday
88,2016-07-16,16,7,July,3,2016,Saturday
89,2015-10-12,12,10,October,4,2015,Monday
90,2015-10-31,31,10,October,4,2015,Saturday
91,2014-03-21,21,3,March,1,2014,Friday
92,2017-07-06,6,7,July,3,2017,Thursday
93,2017-06-24,24,6,June,2,2017,Saturday
94,2014-08-03,3,8,August,3,2014,Sunday
95,2017-12-17,17,12,December,4,2017,Sunday
96,2017-06-03,3,6,June,2,2017,Saturday
97,2017-12-01,1,12,December,4,2017,Friday
98,2015-02-09,9,2,February,1,2015,Monday
99,2015-01-02,2,1,January,1,2015,Friday
100,2016-10-28,28,10,October,4,2016,Friday
101,2015-12-24,24,12,December,4,2015,Thursday
102,2015-08-09,9,8,August,3,2015,Sunday
103,2015-02-28,28,2,February,1,2015,Saturday
104,2014-09-13,13,9,September,3,2014,Saturday
105,2017-04-07,7,4,April,2,2017,Friday
106,2017-11-12,12,11,November,4,2017,Sunday
107,2014-06-01,1,6,June,2,2014,Sunday
108,2016-12-10,10,12,December,4,2016,Saturday
109,2016-09-11,11,9,September,3,2016,Sunday
110,2015-11-28,28,11,November,4,2015,Saturday
111,2017-06-08,8,6,June,2,2017,Thursday
112,2014-09-19,19,9,September,3,2014,Friday
113,2016-06-06,6,6,June,2,2016,Monday
114,2015-11-10,10,11,November,4,2015,Tuesday
115,2017-06-16,16,6,June,2,2017,Friday
116,2016-01-22,22,1,January,1,2016,Friday
117,2017-12-28,28,12,December,4,2017,Thursday
118,2015-07-30,30,7,July,3,2015,Thursday
119,2017-09-16,16,9,September,3,2017,Saturday
120,2017-10-13,13,10,October,4,2017,Friday
121,2015-09-26,26,9,September,3,2015,Saturday
122,2015-11-02,2,11,November,4,2015,Monday
123,2016-12-18,18,12,December,4,2016,Sunday
124,2017-11-19,19,11,November,4,2017,Sunday
125,2015-05-04,4,5,May,2,2015,Monday
126,2014-12-30,30,12,December,4,2014,Tuesday
127,2016-09-12,12,9,September,3,2016,Monday
128,2014-09-27,27,9,September,3,2014,Saturday
129,2014-08-09,9,8,August,3,2014,Saturday
130,2014-12-28,28,12,December,4,2014,Sunday
131,2014-11-04,4,11,November,4,2014,Tuesday
132,2016-04-23,23,4,April,2,2016,Saturday
133,2017-11-03,3,11,November,4,2017,Friday
134,2016-08-30,30,8,August,3,2016,Tuesday
135,2016-04-25,25,4,April,2,2016,Monday
136,2015-09-01,1,9,September,3,2015,Tuesday
137,2014-07-12,12,7,July,3,2014,Saturday
138,2015-06-22,22,6,June,2,2015,Monday
139,2014-04-13,13,4,April,2,2014,Sunday
140,2015-12-20,20,12,December,4,2015,Sunday
141,2017-06-15,15,6,June,2,2017,Thursday
142,2017-07-08,8,7,July,3,2017,Saturday
143,2016-09-01,1,9,September,3,2016,Thursday
144,2016-04-08,8,4,April,2,2016,Friday
145,2017-03-08,8,3,March,1,2017,Wednesday
146,2017-09-25,25,9,September,3,2017,Monday
147,2014-09-24,24,9,September,3,2014,Wednesday
148,2016-10-21,21,10,October,4,2016,Friday
149,2017-05-29,29,5,May,2,2017,Monday
150,2014-07-23,23,7,July,3,2014,Wednesday
151,2016-09-28,28,9,September,3,2016,Wednesday
152,2017-08-27,27,8,August,3,2017,Sunday
153,2015-04-28,28,4,April,2,2015,Tuesday
154,2015-06-26,26,6,June,2,2015,Friday
155,2015-11-27,27,11,November,4,2015,Friday
156,2015-12-03,3,12,December,4,2015,Thursday
157,2014-11-24,24,11,November,4,2014,Monday
158,2017-12-11,11,12,December,4,2017,Monday
159,2014-09-21,21,9,September,3,2014,Sunday
160,2014-06-07,7,6,June,2,2014,Saturday
161,2017-06-30,30,6,June,2,2017,Friday
162,2017-10-17,17,10,October,4,2017,Tuesday
163,2016-09-08,8,9,September,3,2016,Thursday
164,2014-12-24,24,12,December,4,2014,Wednesday
165,2014-04-16,16,4,April,2,2014,Wednesday
166,2017-12-24,24,12,December,4,2017,Sunday
167,2017-12-08,8,12,December,4,2017,Friday
168,2016-04-14,14,4,April,2,2016,Thursday
169,2017-03-04,4,3,March,1,2017,Saturday
170,2014-06-22,22,6,June,2,2014,Sunday
171,2017-08-21,21,8,August,3,2017,Monday
172,2014-09-12,12,9,September,3,2014,Friday
173,2017-10-01,1,10,October,4,2017,Sunday
174,2016-04-15,15,4,April,2,2016,Friday
175,2014-12-19,19,12,December,4,2014,Friday
176,2017-09-15,15,9,September,3,2017,Friday
177,2017-01-20,20,1,January,1,2017,Friday
178,2017-03-20,20,3,March,1,2017,Monday
179,2016-04-01,1,4,April,2,2016,Friday
180,2017-10-20,20,10,October,4,2017,Friday
181,2016-12-13,13,12,December,4,2016,Tuesday
182,2014-02-12,12,2,February,1,2014,Wednesday
183,2016-09-26,26,9,September,3,2016,Monday
184,2016-04-22,22,4,April,2,2016,Friday
185,2015-01-17,17,1,January,1,2015,Saturday
186,2017-03-31,31,3,March,1,2017,Friday
187,2016-12-16,16,12,December,4,2016,Friday
188,2014-11-09,9,11,November,4,2014,Sunday
189,2016-07-12,12,7,July,3,2016,Tuesday
190,2016-10-27,27,10,October,4,2016,Thursday
191,2016-06-26,26,6,June,2,2016,Sunday
192,2014-10-06,6,10,October,4,2014,Monday
193,2014-07-22,22,7,July,3,2014,Tuesday
194,2017-06-10,10,6,June,2,2017,Saturday
195,2014-10-29,29,10,October,4,2014,Wednesday
196,2016-05-09,9,5,May,2,2016,Monday
197,2016-03-18,18,3,March,1,2016,Friday
198,2016-07-25,25,7,July,3,2016,Monday
199,2016-05-30,30,5,May,2,2016,Monday
200,2015-03-16,16,3,March,1,2015,Monday
201,2017-11-26,26,11,November,4,2017,Sunday
202,2016-10-20,20,10,October,4,2016,Thursday
203,2017-12-21,21,12,December,4,2017,Thursday
204,2017-01-22,22,1,January,1,2017,Sunday
205,2015-03-22,22,3,March,1,2015,Sunday
206,2017-01-23,23,1,January,1,2017,Monday
207,2016-05-21,21,5,May,2,2016,Saturday
208,2015-12-26,26,12,December,4,2015,Saturday
209,2017-10-21,21,10,October,4,2017,Saturday
210,2015-11-07,7,11,November,4,2015,Saturday
211,2017-09-07,7,9,September,3,2017,Thursday
212,2016-05-29,29,5,May,2,2016,Sunday
213,2016-07-10,10,7,July,3,2016,Sunday
214,2017-09-03,3,9,September,3,2017,Sunday
215,2015-12-07,7,12,December,4,2015,Monday
216,2014-02-01,1,2,February,1,2014,Saturday
217,2016-07-14,14,7,July,3,2016,Thursday
218,2015-12-18,18,12,December,4,2015,Friday
219,2014-05-11,11,5,May,2,2014,Sunday
220,2015-11-15,15,11,November,4,2015,Sunday
221,2017-09-11,11,9,September,3,2017,Monday
222,2017-11-24,24,11,November,4,2017,Friday
223,2017-06-29,29,6,June,2,2017,Thursday
224,2014-03-03,3,3,March,1,2014,Monday
225,2016-06-10,10,6,June,2,2016,Friday
226,2017-11-20,20,11,November,4,2017,Monday
227,2017-12-07,7,12,December,4,2017,Thursday
228,2015-09-18,18,9,September,3,2015,Friday
229,2017-07-20,20,7,July,3,2017,Thursday
230,2015-09-10,10,9,September,3,2015,Thursday
231,2015-07-03,3,7,July,3,2015,Friday
232,2016-03-20,20,3,March,1,2016,Sunday
233,2014-01-09,9,1,January,1,2014,Thursday
234,2014-08-08,8,8,August,3,2014,Friday
235,2014-03-15,15,3,March,1,2014,Saturday
236,2014-05-23,23,5,May,2,2014,Friday
237,2016-04-28,28,4,April,2,2016,Thursday
238,2017-11-14,14,11,November,4,2017,Tuesday
239,2017-08-18,18,8,August,3,2017,Friday
240,2015-11-29,29,11,November,4,2015,Sunday
241,2017-05-19,19,5,May,2,2017,Friday
242,2017-09-24,24,9,September,3,2017,Sunday
243,2015-10-04,4,10,October,4,2015,Sunday
244,2016-08-15,15,8,August,3,2016,Monday
245,2016-05-20,20,5,May,2,2016,Friday
246,2017-07-30,30,7,July,3,2017,Sunday
247,2017-07-21,21,7,July,3,2017,Friday
248,2017-12-30,30,12,December,4,2017,Saturday
249,2016-10-23,23,10,October,4,2016,Sunday
250,2017-06-19,19,6,June,2,2017,Monday
251,2016-08-22,22,8,August,3,2016,Monday
252,2016-09-19,19,9,September,3,2016,Monday
253,2015-08-24,24,8,August,3,2015,Monday
254,2016-03-26,26,3,March,1,2016,Saturday
255,2016-11-04,4,11,November,4,2016,Friday
256,2017-06-09,9,6,June,2,2017,Friday
257,2017-12-05,5,12,December,4,2017,Tuesday
258,2017-03-18,18,3,March,1,2017,Saturday
259,2016-11-19,19,11,November,4,2016,Saturday
260,2017-11-04,4,11,November,4,2017,Saturday
261,2014-07-05,5,7,July,3,2014,Saturday
262,2014-06-21,21,6,June,2,2014,Saturday
263,2015-03-28,28,3,March,1,2015,Saturday
264,2015-05-14,14,5,May,2,2015,Thursday
265,2017-09-02,2,9,September,3,2017,Saturday
266,2015-04-09,9,4,April,2,2015,Thursday
267,2014-12-02,2,12,December,4,2014,Tuesday
268,2014-04-05,5,4,April,2,2014,Saturday
269,2014-07-01,1,7,July,3,2014,Tuesday
270,2014-01-11,11,1,January,1,2014,Saturday
271,2014-06-02,2,6,June,2,2014,Monday
272,2016-02-13,13,2,February,1,2016,Saturday
273,2016-12-15,15,12,December,4,2016,Thursday
274,2014-10-07,7,10,October,4,2014,Tuesday
275,2016-07-07,7,7,July,3,2016,Thursday
276,2016-12-03,3,12,December,4,2016,Saturday
277,2017-01-21,21,1,January,1,2017,Saturday
278,2014-01-04,4,1,January,1,2014,Saturday
279,2016-08-27,27,8,August,3,2016,Saturday
280,2014-05-27,27,5,May,2,2014,Tuesday
281,2017-10-02,2,10,October,4,2017,Monday
282,2016-04-07,7,4,April,2,2016,Thursday
283,2014-12-29,29,12,December,4,2014,Monday
284,2017-07-23,23,7,July,3,2017,Sunday
285,2015-08-31,31,8,August,3,2015,Monday
286,2015-02-08,8,2,February,1,2015,Sunday
287,2014-01-13,13,1,January,1,2014,Monday
288,2014-05-14,14,5,May,2,2014,Wednesday
289,2016-05-19,19,5,May,2,2016,Thursday
290,2017-01-30,30,1,January,1,2017,Monday
291,2014-06-29,29,6,June,2,2014,Sunday
292,2015-08-21,21,8,August,3,2015,Friday
293,2015-10-03,3,10,October,4,2015,Saturday
294,2015-05-23,23,5,May,2,2015,Saturday
295,2017-03-17,17,3,March,1,2017,Friday
296,2015-12-12,12,12,December,4,2015,Saturday
297,2017-09-21,21,9,September,3,2017,Thursday
298,2017-02-20,20,2,February,1,2017,Monday
299,2016-08-18,18,8,August,3,2016,Thursday
300,2016-03-12,12,3,March,1,2016,Saturday
301,2017-04-22,22,4,April,2,2017,Saturday
302,2014-11-01,1,11,November,4,2014,Saturday
303,2015-02-03,3,2,February,1,2015,Tuesday
304,2014-10-13,13,10,October,4,2014,Monday
305,2017-05-14,14,5,May,2,2017,Sunday
306,2015-03-20,20,3,March,1,2015,Friday
307,2016-09-15,15,9,September,3,2016,Thursday
308,2014-06-28,28,6,June,2,2014,Saturday
309,2017-06-20,20,6,June,2,2017,Tuesday
310,2014-05-09,9,5,May,2,2014,Friday
311,2016-07-23,23,7,July,3,2016,Saturday
312,2016-03-07,7,3,March,1,2016,Monday
313,2015-11-20,20,11,November,4,2015,Friday
314,2015-10-13,13,10,October,4,2015,Tuesday
315,2017-01-01,1,1,January,1,2017,Sunday
316,2014-02-07,7,2,February,1,2014,Friday
317,2016-05-28,28,5,May,2,2016,Saturday
318,2016-02-19,19,2,February,1,2016,Friday
319,2017-04-10,10,4,April,2,2017,Monday
320,2016-01-05,5,1,January,1,2016,Tuesday
321,2014-01-10,10,1,January,1,2014,Friday
322,2016-09-29,29,9,September,3,2016,Thursday
323,2014-04-06,6,4,April,2,2014,Sunday
324,2016-09-03,3,9,September,3,2016,Saturday
325,2015-10-19,19,10,October,4,2015,Monday
326,2014-12-10,10,12,December,4,2014,Wednesday
327,2017-08-25,25,8,August,3,2017,Friday
328,2016-01-17,17,1,January,1,2016,Sunday
329,2014-09-17,17,9,September,3,2014,Wednesday
330,2017-11-30,30,11,November,4,2017,Thursday
331,2015-10-09,9,10,October,4,2015,Friday
332,2017-12-23,23,12,December,4,2017,Saturday
333,2016-10-22,22,10,October,4,2016,Saturday
334,2014-04-29,29,4,April,2,2014,Tuesday
335,2015-04-25,25,4,April,2,2015,Saturday
336,2017-06-26,26,6,June,2,2017,Monday
337,2017-10-14,14,10,October,4,2017,Saturday
338,2014-12-09,9,12,December,4,2014,Tuesday
339,2016-11-10,10,11,November,4,2016,Thursday
340,2016-10-03,3,10,October,4,2016,Monday
341,2014-09-09,9,9,September,3,2014,Tuesday
342,2017-10-29,29,10,October,4,2017,Sunday
343,2016-04-10,10,4,April,2,2016,Sunday
344,2017-11-11,11,11,November,4,2017,Saturday
345,2017-11-27,27,11,November,4,2017,Monday
346,2014-06-15,15,6,June,2,2014,Sunday
347,2016-03-05,5,3,March,1,2016,Saturday
348,2015-04-11,11,4,April,2,2015,Saturday
349,2015-10-05,5,10,October,4,2015,Monday
350,2017-04-14,14,4,April,2,2017,Friday
351,2015-12-13,13,12,December,4,2015,Sunday
352,2016-06-19,19,6,June,2,2016,Sunday
353,2015-05-29,29,5,May,2,2015,Friday
354,2015-07-26,26,7,July,3,2015,Sunday
355,2017-11-28,28,11,November,4,2017,Tuesday
356,2017-04-03,3,4,April,2,2017,Monday
357,2017-05-15,15,5,May,2,2017,Monday
358,2015-09-22,22,9,September,3,2015,Tuesday
359,2014-09-22,22,9,September,3,2014,Monday
360,2017-04-09,9,4,April,2,2017,Sunday
361,2014-01-16,16,1,January,1,2014,Thursday
362,2017-10-05,5,10,October,4,2017,Thursday
363,2017-07-09,9,7,July,3,2017,Sunday
364,2017-01-07,7,1,January,1,2017,Saturday
365,2015-12-09,9,12,December,4,2015,Wednesday
366,2017-09-29,29,9,September,3,2017,Friday
367,2015-03-10,10,3,March,1,2015,Tuesday
368,2017-05-21,21,5,May,2,2017,Sunday
369,2015-03-29,29,3,March,1,2015,Sunday
370,2016-09-09,9,9,September,3,2016,Friday
371,2016-08-26,26,8,August,3,2016,Friday
372,2014-05-21,21,5,May,2,2014,Wednesday
373,2015-10-28,28,10,October,4,2015,Wednesday
374,2016-11-13,13,11,November,4,2016,Sunday
375,2015-07-31,31,7,July,3,2015,Friday
376,2015-08-27,27,8,August,3,2015,Thursday
377,2015-11-06,6,11,November,4,2015,Friday
378,2017-12-26,26,12,December,4,2017,Tuesday
379,2017-08-01,1,8,August,3,2017,Tuesday
380,2015-12-21,21,12,December,4,2015,Monday
381,2015-07-06,6,7,July,3,2015,Monday
382,2015-04-27,27,4,April,2,2015,Monday
383,2015-06-16,16,6,June,2,2015,Tuesday
384,2016-01-11,11,1,January,1,2016,Monday
385,2014-07-11,11,7,July,3,2014,Friday
386,2015-06-13,13,6,June,2,2015,Saturday
387,2017-10-12,12,10,October,4,2017,Thursday
388,2016-03-08,8,3,March,1,2016,Tuesday
389,2015-04-04,4,4,April,2,2015,Saturday
390,2017-12-10,10,12,December,4,2017,Sunday
391,2016-11-24,24,11,November,4,2016,Thursday
392,2015-03-23,23,3,March,1,2015,Monday
393,2015-04-16,16,4,April,2,2015,Thursday
394,2016-10-01,1,10,October,4,2016,Saturday
395,2017-09-28,28,9,September,3,2017,Thursday
396,2015-07-25,25,7,July,3,2015,Saturday
397,2016-11-12,12,11,November,4,2016,Saturday
398,2017-09-23,23,9,September,3,2017,Saturday
399,2016-03-01,1,3,March,1,2016,Tuesday
400,2016-08-12,12,8,August,3,2016,Friday
401,2017-06-04,4,6,June,2,2017,Sunday
402,2015-12-06,6,12,December,4,2015,Sunday
403,2014-06-25,25,6,June,2,2014,Wednesday
404,2016-06-14,14,6,June,2,2016,Tuesday
405,2017-12-18,18,12,December,4,2017,Monday
406,2016-07-22,22,7,July,3,2016,Friday
407,2015-09-04,4,9,September,3,2015,Friday
408,2014-01-20,20,1,January,1,2014,Monday
409,2016-04-12,12,4,April,2,2016,Tuesday
410,2016-12-06,6,12,December,4,2016,Tuesday
411,2016-06-05,5,6,June,2,2016,Sunday
412,2014-09-29,29,9,September,3,2014,Monday
413,2015-05-08,8,5,May,2,2015,Friday
414,2016-12-31,31,12,December,4,2016,Saturday
415,2014-12-20,20,12,December,4,2014,Saturday
416,2016-07-02,2,7,July,3,2016,Saturday
417,2014-09-01,1,9,September,3,2014,Monday
418,2014-05-04,4,5,May,2,2014,Sunday
419,2014-03-10,10,3,March,1,2014,Monday
420,2014-04-21,21,4,April,2,2014,Monday
421,2015-10-22,22,10,October,4,2015,Thursday
422,2015-08-22,22,8,August,3,2015,Saturday
423,2014-12-27,27,12,December,4,2014,Saturday
424,2016-04-24,24,4,April,2,2016,Sunday
425,2017-01-14,14,1,January,1,2017,Saturday
426,2017-02-26,26,2,February,1,2017,Sunday
427,2015-09-15,15,9,September,3,2015,Tuesday
428,2016-07-18,18,7,July,3,2016,Monday
429,2017-09-09,9,9,September,3,2017,Saturday
430,2016-12-04,4,12,December,4,2016,Sunday
431,2014-08-11,11,8,August,3,2014,Monday
432,2016-02-15,15,2,February,1,2016,Monday
433,2014-12-12,12,12,December,4,2014,Friday
434,2015-07-04,4,7,July,3,2015,Saturday
435,2017-03-10,10,3,March,1,2017,Friday
436,2016-12-24,24,12,December,4,2016,Saturday
437,2017-10-23,23,10,October,4,2017,Monday
438,2017-07-07,7,7,July,3,2017,Friday
439,2016-04-21,21,4,April,2,2016,Thursday
440,2016-05-26,26,5,May,2,2016,Thursday
441,2016-05-02,2,5,May,2,2016,Monday
442,2016-11-22,22,11,November,4,2016,Tuesday
443,2015-05-25,25,5,May,2,2015,Monday
444,2016-12-23,23,12,December,4,2016,Friday
445,2015-09-19,19,9,September,3,2015,Saturday
446,2017-07-03,3,7,July,3,2017,Monday
447,2016-09-24,24,9,September,3,2016,Saturday
448,2017-02-03,3,2,February,1,2017,Friday
449,2017-03-03,3,3,March,1,2017,Friday
450,2017-10-09,9,10,October,4,2017,Monday
451,2014-09-28,28,9,September,3,2014,Sunday
452,2015-06-14,14,6,June,2,2015,Sunday
453,2016-03-30,30,3,March,1,2016,Wednesday
454,2017-10-15,15,10,October,4,2017,Sunday
455,2016-05-23,23,5,May,2,2016,Monday
456,2017-06-02,2,6,June,2,2017,Friday
457,2014-02-16,16,2,February,1,2014,Sunday
458,2014-05-06,6,5,May,2,2014,Tuesday
459,2016-05-16,16,5,May,2,2016,Monday
460,2017-04-02,2,4,April,2,2017,Sunday
461,2017-01-02,2,1,January,1,2017,Monday
462,2014-03-17,17,3,March,1,2014,Monday
463,2014-10-03,3,10,October,4,2014,Friday
464,2016-03-28,28,3,March,1,2016,Monday
465,2017-05-04,4,5,May,2,2017,Thursday
466,2016-05-05,5,5,May,2,2016,Thursday
467,2017-04-26,26,4,April,2,2017,Wednesday
468,2014-09-26,26,9,September,3,2014,Friday
469,2017-11-10,10,11,November,4,2017,Friday
470,2017-03-07,7,3,March,1,2017,Tuesday
471,2014-04-01,1,4,April,2,2014,Tuesday
472,2015-09-14,14,9,September,3,2015,Monday
473,2014-08-04,4,8,August,3,2014,Monday
474,2016-02-05,5,2,February,1,2016,Friday
475,2016-11-01,1,11,November,4,2016,Tuesday
476,2016-04-19,19,4,April,2,2016,Tuesday
477,2016-09-02,2,9,September,3,2016,Friday
478,2016-09-25,25,9,September,3,2016,Sunday
479,2016-07-09,9,7,July,3,2016,Saturday
480,2014-06-30,30,6,June,2,2014,Monday
481,2017-01-28,28,1,January,1,2017,Saturday
482,2015-09-21,21,9,September,3,2015,Monday
483,2016-12-26,26,12,December,4,2016,Monday
484,2017-04-12,12,4,April,2,2017,Wednesday
485,2017-12-19,19,12,December,4,2017,Tuesday
486,2017-08-05,5,8,August,3,2017,Saturday
487,2015-10-01,1,10,October,4,2015,Thursday
488,2017-06-13,13,6,June,2,2017,Tuesday
489,2014-04-23,23,4,April,2,2014,Wednesday
490,2015-05-01,1,5,May,2,2015,Friday
491,2015-07-19,19,7,July,3,2015,Sunday
492,2016-11-26,26,11,November,4,2016,Saturday
493,2017-06-12,12,6,June,2,2017,Monday
494,2015-08-17,17,8,August,3,2015,Monday
495,2015-12-01,1,12,December,4,2015,Tuesday
496,2015-05-16,16,5,May,2,2015,Saturday
497,2015-09-24,24,9,September,3,2015,Thursday
498,2017-07-11,11,7,July,3,2017,Tuesday
499,2017-03-19,19,3,March,1,2017,Sunday
500,2016-12-02,2,12,December,4,2016,Friday
501,2016-10-14,14,10,October,4,2016,Friday
502,2014-11-27,27,11,November,4,2014,Thursday
503,2015-11-03,3,11,November,4,2015,Tuesday
504,2014-11-29,29,11,November,4,2014,Saturday
505,2017-04-30,30,4,April,2,2017,Sunday
506,2017-10-30,30,10,October,4,2017,Monday
507,2014-12-17,17,12,December,4,2014,Wednesday
508,2017-09-04,4,9,September,3,2017,Monday
509,2016-10-17,17,10,October,4,2016,Monday
510,2015-08-01,1,8,August,3,2015,Saturday
511,2017-09-12,12,9,September,3,2017,Tuesday
512,2014-02-03,3,2,February,1,2014,Monday
513,2017-02-11,11,2,February,1,2017,Saturday
514,2017-04-16,16,4,April,2,2017,Sunday
515,2015-03-26,26,3,March,1,2015,Thursday
516,2017-08-31,31,8,August,3,2017,Thursday
517,2017-02-10,10,2,February,1,2017,Friday
518,2016-10-29,29,10,October,4,2016,Saturday
519,2014-03-11,11,3,March,1,2014,Tuesday
520,2014-02-04,4,2,February,1,2014,Tuesday
521,2014-12-31,31,12,December,4,2014,Wednesday
522,2015-11-23,23,11,November,4,2015,Monday
523,2014-07-06,6,7,July,3,2014,Sunday
524,2014-05-03,3,5,May,2,2014,Saturday
525,2017-10-16,16,10,October,4,2017,Monday
526,2015-02-06,6,2,February,1,2015,Friday
527,2016-04-09,9,4,April,2,2016,Saturday
528,2014-04-04,4,4,April,2,2014,Friday
529,2017-09-05,5,9,September,3,2017,Tuesday
530,2015-11-09,9,11,November,4,2015,Monday
531,2014-03-04,4,3,March,1,2014,Tuesday
532,2015-03-19,19,3,March,1,2015,Thursday
533,2017-06-11,11,6,June,2,2017,Sunday
534,2014-11-23,23,11,November,4,2014,Sunday
535,2014-12-15,15,12,December,4,2014,Monday
536,2016-02-27,27,2,February,1,2016,Saturday
537,2016-05-12,12,5,May,2,2016,Thursday
538,2015-06-23,23,6,June,2,2015,Tuesday
539,2014-10-19,19,10,October,4,2014,Sunday
540,2015-03-24,24,3,March,1,2015,Tuesday
541,2017-05-08,8,5,May,2,2017,Monday
542,2016-05-08,8,5,May,2,2016,Sunday
543,2014-05-26,26,5,May,2,2014,Monday
544,2016-03-15,15,3,March,1,2016,Tuesday
545,2015-08-10,10,8,August,3,2015,Monday
546,2016-09-10,10,9,September,3,2016,Saturday
547,2015-12-19,19,12,December,4,2015,Saturday
548,2015-11-16,16,11,November,4,2015,Monday
549,2017-06-21,21,6,June,2,2017,Wednesday
550,2015-11-01,1,11,November,4,2015,Sunday
551,2014-08-29,29,8,August,3,2014,Friday
552,2017-11-18,18,11,November,4,2017,Saturday
553,2014-05-12,12,5,May,2,2014,Monday
554,2015-01-10,10,1,January,1,2015,Saturday
555,2016-03-22,22,3,March,1,2016,Tuesday
556,2015-12-11,11,12,December,4,2015,Friday
557,2016-05-18,18,5,May,2,2016,Wednesday
558,2014-09-07,7,9,September,3,2014,Sunday
559,2017-04-24,24,4,April,2,2017,Monday
560,2014-08-16,16,8,August,3,2014,Saturday
561,2016-03-14,14,3,March,1,2016,Monday
562,2014-06-03,3,6,June,2,2014,Tuesday
563,2015-07-13,13,7,July,3,2015,Monday
564,2014-02-02,2,2,February,1,2014,Sunday
565,2015-01-30,30,1,January,1,2015,Friday
566,2017-09-08,8,9,September,3,2017,Friday
567,2017-10-07,7,10,October,4,2017,Saturday
568,2016-04-30,30,4,April,2,2016,Saturday
569,2017-04-29,29,4,April,2,2017,Saturday
570,2016-02-07,7,2,February,1,2016,Sunday
571,2017-07-29,29,7,July,3,2017,Saturday
572,2014-06-06,6,6,June,2,2014,Friday
573,2016-08-13,13,8,August,3,2016,Saturday
574,2014-04-25,25,4,April,2,2014,Friday
575,2017-12-02,2,12,December,4,2017,Saturday
576,2015-12-08,8,12,December,4,2015,Tuesday
577,2014-01-05,5,1,January,1,2014,Sunday
578,2015-09-05,5,9,September,3,2015,Saturday
579,2016-08-04,4,8,August,3,2016,Thursday
580,2014-03-22,22,3,March,1,2014,Saturday
581,2017-03-02,2,3,March,1,2017,Thursday
582,2016-11-27,27,11,November,4,2016,Sunday
583,2014-04-28,28,4,April,2,2014,Monday
584,2016-11-11,11,11,November,4,2016,Friday
585,2015-07-09,9,7,July,3,2015,Thursday
586,2017-09-22,22,9,September,3,2017,Friday
587,2015-02-15,15,2,February,1,2015,Sunday
588,2014-09-30,30,9,September,3,2014,Tuesday
589,2014-12-01,1,12,December,4,2014,Monday
590,2014-12-08,8,12,December,4,2014,Monday
591,2016-08-08,8,8,August,3,2016,Monday
592,2016-12-25,25,12,December,4,2016,Sunday
593,2016-02-11,11,2,February,1,2016,Thursday
594,2015-06-04,4,6,June,2,2015,Thursday
595,2014-05-25,25,5,May,2,2014,Sunday
596,2016-02-16,16,2,February,1,2016,Tuesday
597,2016-12-22,22,12,December,4,2016,Thursday
598,2016-02-08,8,2,February,1,2016,Monday
599,2014-05-18,18,5,May,2,2014,Sunday
600,2015-11-05,5,11,November,4,2015,Thursday
601,2017-02-19,19,2,February,1,2017,Sunday
602,2014-08-01,1,8,August,3,2014,Friday
603,2017-01-12,12,1,January,1,2017,Thursday
604,2015-07-20,20,7,July,3,2015,Monday
605,2014-06-13,13,6,June,2,2014,Friday
606,2017-05-12,12,5,May,2,2017,Friday
607,2017-03-26,26,3,March,1,2017,Sunday
608,2014-11-12,12,11,November,4,2014,Wednesday
609,2015-06-25,25,6,June,2,2015,Thursday
610,2014-07-21,21,7,July,3,2014,Monday
611,2017-11-21,21,11,November,4,2017,Tuesday
612,2014-06-04,4,6,June,2,2014,Wednesday
613,2016-03-10,10,3,March,1,2016,Thursday
614,2017-03-25,25,3,March,1,2017,Saturday
615,2017-12-29,29,12,December,4,2017,Friday
616,2017-03-28,28,3,March,1,2017,Tuesday
617,2015-03-05,5,3,March,1,2015,Thursday
618,2017-01-19,19,1,January,1,2017,Thursday
619,2014-10-21,21,10,October,4,2014,Tuesday
620,2014-03-14,14,3,March,1,2014,Friday
621,2015-12-31,31,12,December,4,2015,Thursday
622,2017-10-03,3,10,October,4,2017,Tuesday
623,2016-06-29,29,6,June,2,2016,Wednesday
624,2016-08-20,20,8,August,3,2016,Saturday
625,2016-05-17,17,5,May,2,2016,Tuesday
626,2016-11-15,15,11,November,4,2016,Tuesday
627,2014-01-15,15,1,January,1,2014,Wednesday
628,2015-11-08,8,11,November,4,2015,Sunday
629,2015-10-30,30,10,October,4,2015,Friday
630,2017-08-17,17,8,August,3,2017,Thursday
631,2016-07-08,8,7,July,3,2016,Friday
632,2017-03-09,9,3,March,1,2017,Thursday
633,2016-06-09,9,6,June,2,2016,Thursday
634,2017-03-16,16,3,March,1,2017,Thursday
635,2017-08-06,6,8,August,3,2017,Sunday
636,2017-08-29,29,8,August,3,2017,Tuesday
637,2017-05-06,6,5,May,2,2017,Saturday
638,2014-12-14,14,12,December,4,2014,Sunday
639,2014-10-18,18,10,October,4,2014,Saturday
640,2015-12-14,14,12,December,4,2015,Monday
641,2014-12-03,3,12,December,4,2014,Wednesday
642,2014-11-25,25,11,November,4,2014,Tuesday
643,2017-02-24,24,2,February,1,2017,Friday
644,2017-06-25,25,6,June,2,2017,Sunday
645,2014-02-06,6,2,February,1,2014,Thursday
646,2017-04-11,11,4,April,2,2017,Tuesday
647,2017-08-03,3,8,August,3,2017,Thursday
648,2014-11-15,15,11,November,4,2014,Saturday
649,2017-08-20,20,8,August,3,2017,Sunday
650,2015-03-13,13,3,March,1,2015,Friday
651,2015-11-26,26,11,November,4,2015,Thursday
652,2015-01-23,23,1,January,1,2015,Friday
653,2015-06-18,18,6,June,2,2015,Thursday
654,2015-10-02,2,10,October,4,2015,Friday
655,2014-08-17,17,8,August,3,2014,Sunday
656,2015-07-11,11,7,July,3,2015,Saturday
657,2014-10-31,31,10,October,4,2014,Friday
658,2015-04-13,13,4,April,2,2015,Monday
659,2016-07-21,21,7,July,3,2016,Thursday
660,2017-11-07,7,11,November,4,2017,Tuesday
661,2017-02-23,23,2,February,1,2017,Thursday
662,2016-06-23,23,6,June,2,2016,Thursday
663,2015-10-26,26,10,October,4,2015,Monday
664,2017-07-15,15,7,July,3,2017,Saturday
665,2014-11-17,17,11,November,4,2014,Monday
666,2015-11-25,25,11,November,4,2015,Wednesday
667,2016-05-15,15,5,May,2,2016,Sunday
668,2014-07-18,18,7,July,3,2014,Friday
669,2017-03-24,24,3,March,1,2017,Friday
670,2017-04-13,13,4,April,2,2017,Thursday
671,2014-06-23,23,6,June,2,2014,Monday
672,2014-05-20,20,5,May,2,2014,Tuesday
673,2015-11-30,30,11,November,4,2015,Monday
674,2017-11-16,16,11,November,4,2017,Thursday
675,2016-06-25,25,6,June,2,2016,Saturday
676,2016-05-14,14,5,May,2,2016,Saturday
677,2016-01-07,7,1,January,1,2016,Thursday
678,2017-03-13,13,3,March,1,2017,Monday
679,2017-01-27,27,1,January,1,2017,Friday
680,2016-07-30,30,7,July,3,2016,Saturday
681,2016-10-15,15,10,October,4,2016,Saturday
682,2016-05-07,7,5,May,2,2016,Saturday
683,2017-08-10,10,8,August,3,2017,Thursday
684,2014-11-28,28,11,November,4,2014,Friday
685,2015-09-06,6,9,September,3,2015,Sunday
686,2015-06-29,29,6,June,2,2015,Monday
687,2014-07-14,14,7,July,3,2014,Monday
688,2014-11-14,14,11,November,4,2014,Friday
689,2017-07-28,28,7,July,3,2017,Friday
690,2017-07-31,31,7,July,3,2017,Monday
691,2016-03-19,19,3,March,1,2016,Saturday
692,2014-03-31,31,3,March,1,2014,Monday
693,2016-07-15,15,7,July,3,2016,Friday
694,2017-04-20,20,4,April,2,2017,Thursday
695,2015-09-28,28,9,September,3,2015,Monday
696,2017-02-06,6,2,February,1,2017,Monday
697,2016-11-14,14,11,November,4,2016,Monday
698,2017-09-17,17,9,September,3,2017,Sunday
699,2017-12-20,20,12,December,4,2017,Wednesday
700,2015-03-06,6,3,March,1,2015,Friday
701,2014-06-27,27,6,June,2,2014,Friday
702,2017-11-17,17,11,November,4,2017,Friday
703,2017-06-01,1,6,June,2,2017,Thursday
704,2017-01-08,8,1,January,1,2017,Sunday
705,2015-04-20,20,4,April,2,2015,Monday
706,2015-08-06,6,8,August,3,2015,Thursday
707,2015-12-23,23,12,December,4,2015,Wednesday
708,2015-12-25,25,12,December,4,2015,Friday
709,2017-03-21,21,3,March,1,2017,Tuesday
710,2014-08-23,23,8,August,3,2014,Saturday
711,2014-08-19,19,8,August,3,2014,Tuesday
712,2014-07-26,26,7,July,3,2014,Saturday
713,2016-02-22,22,2,February,1,2016,Monday
714,2016-09-23,23,9,September,3,2016,Friday
715,2017-01-24,24,1,January,1,2017,Tuesday
716,2016-05-06,6,5,May,2,2016,Friday
717,2016-03-17,17,3,March,1,2016,Thursday
718,2015-11-14,14,11,November,4,2015,Saturday
719,2017-08-14,14,8,August,3,2017,Monday
720,2017-04-01,1,4,April,2,2017,Saturday
721,2016-09-27,27,9,September,3,2016,Tuesday
722,2017-03-23,23,3,March,1,2017,Thursday
723,2015-06-07,7,6,June,2,2015,Sunday
724,2016-12-29,29,12,December,4,2016,Thursday
725,2016-04-18,18,4,April,2,2016,Monday
726,2016-06-11,11,6,June,2,2016,Saturday
727,2017-05-13,13,5,May,2,2017,Saturday
728,2014-03-25,25,3,March,1,2014,Tuesday
729,2014-11-18,18,11,November,4,2014,Tuesday
730,2017-07-17,17,7,July,3,2017,Monday
731,2016-05-22,22,5,May,2,2016,Sunday
732,2016-10-31,31,10,October,4,2016,Monday
733,2016-11-05,5,11,November,4,2016,Saturday
734,2017-08-15,15,8,August,3,2017,Tuesday
735,2017-12-03,3,12,December,4,2017,Sunday
736,2017-08-28,28,8,August,3,2017,Monday
737,2014-12-13,13,12,December,4,2014,Saturday
738,2014-06-16,16,6,June,2,2014,Monday
739,2017-06-22,22,6,June,2,2017,Thursday
740,2014-07-25,25,7,July,3,2014,Friday
741,2015-07-02,2,7,July,3,2015,Thursday
742,2016-11-18,18,11,November,4,2016,Friday
743,2014-09-05,5,9,September,3,2014,Friday
744,2017-05-02,2,5,May,2,2017,Tuesday
745,2015-04-06,6,4,April,2,2015,Monday
746,2014-10-24,24,10,October,4,2014,Friday
747,2015-01-27,27,1,January,1,2015,Tuesday
748,2015-07-16,16,7,July,3,2015,Thursday
749,2015-08-16,16,8,August,3,2015,Sunday
750,2016-09-14,14,9,September,3,2016,Wednesday
751,2016-10-08,8,10,October,4,2016,Saturday
752,2015-03-17,17,3,March,1,2015,Tuesday
753,2017-11-01,1,11,November,4,2017,Wednesday
754,2017-12-27,27,12,December,4,2017,Wednesday
755,2014-11-22,22,11,November,4,2014,Saturday
756,2014-01-26,26,1,January,1,2014,Sunday
757,2017-04-23,23,4,April,2,2017,Sunday
758,2014-12-16,16,12,December,4,2014,Tuesday
759,2016-03-04,4,3,March,1,2016,Friday
760,2014-04-26,26,4,April,2,2014,Saturday
761,2017-10-22,22,10,October,4,2017,Sunday
762,2015-07-05,5,7,July,3,2015,Sunday
763,2015-08-15,15,8,August,3,2015,Saturday
764,2015-02-20,20,2,February,1,2015,Friday
765,2016-04-17,17,4,April,2,2016,Sunday
766,2016-08-16,16,8,August,3,2016,Tuesday
767,2016-05-01,1,5,May,2,2016,Sunday
768,2015-08-25,25,8,August,3,2015,Tuesday
769,2015-11-12,12,11,November,4,2015,Thursday
770,2017-12-04,4,12,December,4,2017,Monday
771,2016-08-28,28,8,August,3,2016,Sunday
772,2014-10-15,15,10,October,4,2014,Wednesday
773,2014-03-18,18,3,March,1,2014,Tuesday
774,2014-05-24,24,5,May,2,2014,Saturday
775,2014-12-04,4,12,December,4,2014,Thursday
776,2017-08-26,26,8,August,3,2017,Saturday
777,2014-12-06,6,12,December,4,2014,Saturday
778,2014-10-04,4,10,October,4,2014,Saturday
779,2017-02-13,13,2,February,1,2017,Monday
780,2014-07-02,2,7,July,3,2014,Wednesday
781,2015-02-21,21,2,February,1,2015,Saturday
782,2016-02-25,25,2,February,1,2016,Thursday
783,2015-06-20,20,6,June,2,2015,Saturday
784,2017-08-07,7,8,August,3,2017,Monday
785,2015-12-04,4,12,December,4,2015,Friday
786,2014-06-08,8,6,June,2,2014,Sunday
787,2015-04-17,17,4,April,2,2015,Friday
788,2017-01-15,15,1,January,1,2017,Sunday
789,2015-04-02,2,4,April,2,2015,Thursday
790,2015-07-17,17,7,July,3,2015,Friday
791,2016-10-09,9,10,October,4,2016,Sunday
792,2014-04-12,12,4,April,2,2014,Saturday
793,2016-10-25,25,10,October,4,2016,Tuesday
794,2015-05-12,12,5,May,2,2015,Tuesday
795,2014-09-25,25,9,September,3,2014,Thursday
796,2017-01-26,26,1,January,1,2017,Thursday
797,2017-05-18,18,5,May,2,2017,Thursday
798,2016-12-27,27,12,December,4,2016,Tuesday
799,2017-04-08,8,4,April,2,2017,Saturday
800,2016-06-02,2,6,June,2,2016,Thursday
801,2017-07-25,25,7,July,3,2017,Tuesday
802,2017-08-12,12,8,August,3,2017,Saturday
803,2017-08-13,13,8,August,3,2017,Sunday
804,2016-01-21,21,1,January,1,2016,Thursday
805,2016-01-15,15,1,January,1,2016,Friday
806,2014-02-21,21,2,February,1,2014,Friday
807,2016-01-30,30,1,January,1,2016,Saturday
808,2016-10-18,18,10,October,4,2016,Tuesday
809,2017-11-02,2,11,November,4,2017,Thursday
810,2014-03-30,30,3,March,1,2014,Sunday
811,2016-01-04,4,1,January,1,2016,Monday
812,2015-09-12,12,9,September,3,2015,Saturday
813,2016-06-27,27,6,June,2,2016,Monday
814,2016-11-23,23,11,November,4,2016,Wednesday
815,2014-09-02,2,9,September,3,2014,Tuesday
816,2017-07-10,10,7,July,3,2017,Monday
817,2015-08-08,8,8,August,3,2015,Saturday
818,2017-12-14,14,12,December,4,2017,Thursday
819,2017-06-27,27,6,June,2,2017,Tuesday
820,2017-12-16,16,12,December,4,2017,Saturday
821,2015-05-07,7,5,May,2,2015,Thursday
822,2015-06-12,12,6,June,2,2015,Friday
823,2016-05-25,25,5,May,2,2016,Wednesday
824,2016-02-21,21,2,February,1,2016,Sunday
825,2016-10-02,2,10,October,4,2016,Sunday
826,2017-03-11,11,3,March,1,2017,Saturday
827,2014-05-17,17,5,May,2,2014,Saturday
828,2017-04-17,17,4,April,2,2017,Monday
829,2016-08-23,23,8,August,3,2016,Tuesday
830,2014-08-24,24,8,August,3,2014,Sunday
831,2016-03-24,24,3,March,1,2016,Thursday
832,2016-11-21,21,11,November,4,2016,Monday
833,2015-06-11,11,6,June,2,2015,Thursday
834,2017-10-06,6,10,October,4,2017,Friday
835,2015-08-28,28,8,August,3,2015,Friday
836,2016-01-03,3,1,January,1,2016,Sunday
837,2014-07-20,20,7,July,3,2014,Sunday
838,2017-05-27,27,5,May,2,2017,Saturday
839,2014-01-28,28,1,January,1,2014,Tuesday
840,2017-02-09,9,2,February,1,2017,Thursday
841,2016-03-03,3,3,March,1,2016,Thursday
842,2015-08-23,23,8,August,3,2015,Sunday
843,2017-04-27,27,4,April,2,2017,Thursday
844,2016-06-07,7,6,June,2,2016,Tuesday
845,2016-03-21,21,3,March,1,2016,Monday
846,2014-11-07,7,11,November,4,2014,Friday
847,2017-03-12,12,3,March,1,2017,Sunday
848,2017-07-22,22,7,July,3,2017,Saturday
849,2015-07-10,10,7,July,3,2015,Friday
850,2014-11-10,10,11,November,4,2014,Monday
851,2016-01-09,9,1,January,1,2016,Saturday
852,2014-12-23,23,12,December,4,2014,Tuesday
853,2014-10-02,2,10,October,4,2014,Thursday
854,2017-09-01,1,9,September,3,2017,Friday
855,2016-02-01,1,2,February,1,2016,Monday
856,2017-10-27,27,10,October,4,2017,Friday
857,2014-10-11,11,10,October,4,2014,Saturday
858,2014-05-22,22,5,May,2,2014,Thursday
859,2014-07-15,15,7,July,3,2014,Tuesday
860,2016-10-30,30,10,October,4,2016,Sunday
861,2014-08-15,15,8,August,3,2014,Friday
862,2015-09-11,11,9,September,3,2015,Friday
863,2015-07-23,23,7,July,3,2015,Thursday
864,2015-08-13,13,8,August,3,2015,Thursday
865,2016-08-17,17,8,August,3,2016,Wednesday
866,2014-09-23,23,9,September,3,2014,Tuesday
867,2014-07-19,19,7,July,3,2014,Saturday
868,2014-01-31,31,1,January,1,2014,Friday
869,2014-07-09,9,7,July,3,2014,Wednesday
870,2016-03-25,25,3,March,1,2016,Friday
871,2017-07-01,1,7,July,3,2017,Saturday
872,2014-11-21,21,11,November,4,2014,Friday
873,2015-10-17,17,10,October,4,2015,Saturday
874,2016-09-20,20,9,September,3,2016,Tuesday
875,2015-09-27,27,9,September,3,2015,Sunday
876,2016-07-29,29,7,July,3,2016,Friday
877,2016-08-06,6,8,August,3,2016,Saturday
878,2016-10-07,7,10,October,4,2016,Friday
879,2014-03-16,16,3,March,1,2014,Sunday
880,2015-03-01,1,3,March,1,2015,Sunday
881,2016-02-20,20,2,February,1,2016,Saturday
882,2016-11-25,25,11,November,4,2016,Friday
883,2016-12-14,14,12,December,4,2016,Wednesday
884,2014-08-31,31,8,August,3,2014,Sunday
885,2014-04-07,7,4,April,2,2014,Monday
886,2016-11-30,30,11,November,4,2016,Wednesday
887,2014-06-20,20,6,June,2,2014,Friday
888,2016-12-20,20,12,December,4,2016,Tuesday
889,2016-08-09,9,8,August,3,2016,Tuesday
890,2015-04-10,10,4,April,2,2015,Friday
891,2016-06-24,24,6,June,2,2016,Friday
892,2014-04-18,18,4,April,2,2014,Friday
893,2016-03-29,29,3,March,1,2016,Tuesday
894,2014-03-23,23,3,March,1,2014,Sunday
895,2016-07-03,3,7,July,3,2016,Sunday
896,2015-12-10,10,12,December,4,2015,Thursday
897,2016-11-29,29,11,November,4,2016,Tuesday
898,2016-09-22,22,9,September,3,2016,Thursday
899,2017-05-03,3,5,May,2,2017,Wednesday
900,2015-03-12,12,3,March,1,2015,Thursday
901,2016-06-13,13,6,June,2,2016,Monday
902,2015-12-05,5,12,December,4,2015,Saturday
903,2015-11-19,19,11,November,4,2015,Thursday
904,2017-11-22,22,11,November,4,2017,Wednesday
905,2017-03-06,6,3,March,1,2017,Monday
906,2016-02-29,29,2,February,1,2016,Monday
907,2017-02-25,25,2,February,1,2017,Saturday
908,2016-12-17,17,12,December,4,2016,Saturday
909,2014-08-06,6,8,August,3,2014,Wednesday
910,2014-04-11,11,4,April,2,2014,Friday
911,2015-05-03,3,5,May,2,2015,Sunday
912,2017-02-16,16,2,February,1,2017,Thursday
913,2014-11-16,16,11,November,4,2014,Sunday
914,2016-09-04,4,9,September,3,2016,Sunday
915,2015-02-27,27,2,February,1,2015,Friday
916,2014-01-27,27,1,January,1,2014,Monday
917,2017-03-05,5,3,March,1,2017,Sunday
918,2017-05-07,7,5,May,2,2017,Sunday
919,2014-04-08,8,4,April,2,2014,Tuesday
920,2014-10-28,28,10,October,4,2014,Tuesday
921,2017-11-25,25,11,November,4,2017,Saturday
922,2017-06-06,6,6,June,2,2017,Tuesday
923,2017-02-17,17,2,February,1,2017,Friday
924,2014-07-27,27,7,July,3,2014,Sunday
925,2015-10-23,23,10,October,4,2015,Friday
926,2015-06-15,15,6,June,2,2015,Monday
927,2017-01-29,29,1,January,1,2017,Sunday
928,2017-05-01,1,5,May,2,2017,Monday
929,2015-01-03,3,1,January,1,2015,Saturday
930,2017-06-05,5,6,June,2,2017,Monday
931,2017-07-18,18,7,July,3,2017,Tuesday
932,2016-06-28,28,6,June,2,2016,Tuesday
933,2015-06-01,1,6,June,2,2015,Monday
934,2015-02-22,22,2,February,1,2015,Sunday
935,2017-12-15,15,12,December,4,2017,Friday
936,2014-11-03,3,11,November,4,2014,Monday
937,2015-03-08,8,3,March,1,2015,Sunday
938,2015-12-22,22,12,December,4,2015,Tuesday
939,2017-08-11,11,8,August,3,2017,Friday
940,2016-12-12,12,12,December,4,2016,Monday
941,2017-11-15,15,11,November,4,2017,Wednesday
942,2017-05-16,16,5,May,2,2017,Tuesday
943,2015-05-02,2,5,May,2,2015,Saturday
944,2017-05-11,11,5,May,2,2017,Thursday
945,2017-07-27,27,7,July,3,2017,Thursday
946,2016-12-30,30,12,December,4,2016,Friday
947,2014-05-19,19,5,May,2,2014,Monday
948,2016-04-16,16,4,April,2,2016,Saturday
949,2015-03-14,14,3,March,1,2015,Saturday
950,2016-07-01,1,7,July,3,2016,Friday
951,2016-06-16,16,6,June,2,2016,Thursday
952,2015-07-08,8,7,July,3,2015,Wednesday
953,2014-05-05,5,5,May,2,2014,Monday
954,2014-11-30,30,11,November,4,2014,Sunday
955,2015-02-18,18,2,February,1,2015,Wednesday
956,2016-09-30,30,9,September,3,2016,Friday
957,2015-01-05,5,1,January,1,2015,Monday
958,2017-07-05,5,7,July,3,2017,Wednesday
959,2016-04-04,4,4,April,2,2016,Monday
960,2014-03-26,26,3,March,1,2014,Wednesday
961,2017-10-28,28,10,October,4,2017,Saturday
962,2015-05-17,17,5,May,2,2015,Sunday
963,2017-08-23,23,8,August,3,2017,Wednesday
964,2014-08-22,22,8,August,3,2014,Friday
965,2016-10-04,4,10,October,4,2016,Tuesday
966,2014-10-26,26,10,October,4,2014,Sunday
967,2015-02-14,14,2,February,1,2015,Saturday
968,2016-01-25,25,1,January,1,2016,Monday
969,2017-05-20,20,5,May,2,2017,Saturday
970,2015-10-25,25,10,October,4,2015,Sunday
971,2014-07-07,7,7,July,3,2014,Monday
972,2017-08-19,19,8,August,3,2017,Saturday
973,2015-11-17,17,11,November,4,2015,Tuesday
974,2016-05-03,3,5,May,2,2016,Tuesday
975,2015-06-19,19,6,June,2,2015,Friday
976,2016-07-04,4,7,July,3,2016,Monday
977,2015-08-07,7,8,August,3,2015,Friday
978,2014-03-24,24,3,March,1,2014,Monday
979,2017-06-18,18,6,June,2,2017,Sunday
980,2017-05-23,23,5,May,2,2017,Tuesday
981,2014-02-20,20,2,February,1,2014,Thursday
982,2014-11-02,2,11,November,4,2014,Sunday
983,2014-10-10,10,10,October,4,2014,Friday
984,2017-03-30,30,3,March,1,2017,Thursday
985,2015-07-12,12,7,July,3,2015,Sunday
986,2014-07-13,13,7,July,3,2014,Sunday
987,2017-09-26,26,9,September,3,2017,Tuesday
988,2014-04-19,19,4,April,2,2014,Saturday
989,2015-06-09,9,6,June,2,2015,Tuesday
990,2015-05-26,26,5,May,2,2015,Tuesday
991,2016-01-24,24,1,January,1,2016,Sunday
992,2015-08-02,2,8,August,3,2015,Sunday
993,2014-05-30,30,5,May,2,2014,Friday
994,2016-04-26,26,4,April,2,2016,Tuesday
995,2016-01-10,10,1,January,1,2016,Sunday
996,2016-07-31,31,7,July,3,2016,Sunday
997,2017-03-27,27,3,March,1,2017,Monday
998,2015-12-17,17,12,December,4,2015,Thursday
999,2015-10-10,10,10,October,4,2015,Saturday
1000,2015-04-24,24,4,April,2,2015,Friday
1001,2015-03-09,9,3,March,1,2015,Monday
1002,2014-07-08,8,7,July,3,2014,Tuesday
1003,2017-07-13,13,7,July,3,2017,Thursday
1004,2015-04-07,7,4,April,2,2015,Tuesday
1005,2015-01-13,13,1,January,1,2015,Tuesday
1006,2014-10-14,14,10,October,4,2014,Tuesday
1007,2016-01-02,2,1,January,1,2016,Saturday
1008,2015-03-15,15,3,March,1,2015,Sunday
1009,2017-01-06,6,1,January,1,2017,Friday
1010,2014-03-07,7,3,March,1,2014,Friday
1011,2014-09-03,3,9,September,3,2014,Wednesday
1012,2016-01-31,31,1,January,1,2016,Sunday
1013,2016-05-24,24,5,May,2,2016,Tuesday
1014,2014-04-30,30,4,April,2,2014,Wednesday
1015,2015-09-08,8,9,September,3,2015,Tuesday
1016,2016-04-03,3,4,April,2,2016,Sunday
1017,2017-04-25,25,4,April,2,2017,Tuesday
1018,2014-04-20,20,4,April,2,2014,Sunday
1019,2017-08-04,4,8,August,3,2017,Friday
1020,2016-11-17,17,11,November,4,2016,Thursday
1021,2015-06-21,21,6,June,2,2015,Sunday
1022,2014-07-30,30,7,July,3,2014,Wednesday
1023,2016-05-27,27,5,May,2,2016,Friday
1024,2015-09-13,13,9,September,3,2015,Sunday
1025,2017-05-05,5,5,May,2,2017,Friday
1026,2014-05-10,10,5,May,2,2014,Saturday
1027,2015-01-12,12,1,January,1,2015,Monday
1028,2014-06-14,14,6,June,2,2014,Saturday
1029,2016-06-21,21,6,June,2,2016,Tuesday
1030,2017-08-22,22,8,August,3,2017,Tuesday
1031,2016-08-02,2,8,August,3,2016,Tuesday
1032,2015-05-21,21,5,May,2,2015,Thursday
1033,2017-01-03,3,1,January,1,2017,Tuesday
1034,2017-09-30,30,9,September,3,2017,Saturday
1035,2017-01-16,16,1,January,1,2017,Monday
1036,2014-12-07,7,12,December,4,2014,Sunday
1037,2016-08-21,21,8,August,3,2016,Sunday
1038,2014-01-06,6,1,January,1,2014,Monday
1039,2015-01-04,4,1,January,1,2015,Sunday
1040,2014-01-18,18,1,January,1,2014,Saturday
1041,2015-10-24,24,10,October,4,2015,Saturday
1042,2016-08-14,14,8,August,3,2016,Sunday
1043,2017-02-18,18,2,February,1,2017,Saturday
1044,2017-08-24,24,8,August,3,2017,Thursday
1045,2016-03-31,31,3,March,1,2016,Thursday
1046,2017-04-28,28,4,April,2,2017,Friday
1047,2014-01-19,19,1,January,1,2014,Sunday
1048,2014-02-14,14,2,February,1,2014,Friday
1049,2017-10-08,8,10,October,4,2017,Sunday
1050,2015-10-08,8,10,October,4,2015,Thursday
1051,2014-02-24,24,2,February,1,2014,Monday
1052,2015-05-30,30,5,May,2,2015,Saturday
1053,2015-03-31,31,3,March,1,2015,Tuesday
1054,2017-05-22,22,5,May,2,2017,Monday
1055,2016-12-19,19,12,December,4,2016,Monday
1056,2017-10-04,4,10,October,4,2017,Wednesday
1057,2016-02-02,2,2,February,1,2016,Tuesday
1058,2016-10-24,24,10,October,4,2016,Monday
1059,2014-02-11,11,2,February,1,2014,Tuesday
1060,2014-12-21,21,12,December,4,2014,Sunday
1061,2015-05-15,15,5,May,2,2015,Friday
1062,2014-05-28,28,5,May,2,2014,Wednesday
1063,2016-07-28,28,7,July,3,2016,Thursday
1064,2014-04-02,2,4,April,2,2014,Wednesday
1065,2014-07-28,28,7,July,3,2014,Monday
1066,2017-03-29,29,3,March,1,2017,Wednesday
1067,2016-02-03,3,2,February,1,2016,Wednesday
1068,2015-08-11,11,8,August,3,2015,Tuesday
1069,2014-11-08,8,11,November,4,2014,Saturday
1070,2015-02-25,25,2,February,1,2015,Wednesday
1071,2016-08-31,31,8,August,3,2016,Wednesday
1072,2014-08-20,20,8,August,3,2014,Wednesday
1073,2016-02-06,6,2,February,1,2016,Saturday
1074,2014-05-02,2,5,May,2,2014,Friday
1075,2015-07-18,18,7,July,3,2015,Saturday
1076,2015-03-27,27,3,March,1,2015,Friday
1077,2014-09-10,10,9,September,3,2014,Wednesday
1078,2015-08-05,5,8,August,3,2015,Wednesday
1079,2015-04-29,29,4,April,2,2015,Wednesday
1080,2014-10-16,16,10,October,4,2014,Thursday
1081,2016-07-19,19,7,July,3,2016,Tuesday
1082,2015-12-30,30,12,December,4,2015,Wednesday
1083,2014-10-05,5,10,October,4,2014,Sunday
1084,2015-04-19,19,4,April,2,2015,Sunday
1085,2016-02-04,4,2,February,1,2016,Thursday
1086,2016-06-15,15,6,June,2,2016,Wednesday
1087,2014-03-02,2,3,March,1,2014,Sunday
1088,2014-02-18,18,2,February,1,2014,Tuesday
1089,2017-09-20,20,9,September,3,2017,Wednesday
1090,2014-10-25,25,10,October,4,2014,Saturday
1091,2015-10-18,18,10,October,4,2015,Sunday
1092,2014-12-22,22,12,December,4,2014,Monday
1093,2016-08-03,3,8,August,3,2016,Wednesday
1094,2014-03-19,19,3,March,1,2014,Wednesday
1095,2014-08-02,2,8,August,3,2014,Saturday
1096,2017-04-04,4,4,April,2,2017,Tuesday
1097,2017-12-13,13,12,December,4,2017,Wednesday
1098,2015-07-27,27,7,July,3,2015,Monday
1099,2016-02-23,23,2,February,1,2016,Tuesday
1100,2016-10-06,6,10,October,4,2016,Thursday
1101,2015-04-22,22,4,April,2,2015,Wednesday
1102,2014-09-16,16,9,September,3,2014,Tuesday
1103,2014-09-11,11,9,September,3,2014,Thursday
1104,2014-06-17,17,6,June,2,2014,Tuesday
1105,2015-10-29,29,10,October,4,2015,Thursday
1106,2015-03-07,7,3,March,1,2015,Saturday
1107,2014-01-30,30,1,January,1,2014,Thursday
1108,2015-02-07,7,2,February,1,2015,Saturday
1109,2017-10-31,31,10,October,4,2017,Tuesday
1110,2017-05-30,30,5,May,2,2017,Tuesday
1111,2015-03-30,30,3,March,1,2015,Monday
1112,2015-08-29,29,8,August,3,2015,Saturday
1113,2014-01-14,14,1,January,1,2014,Tuesday
1114,2015-03-21,21,3,March,1,2015,Saturday
1115,2014-09-15,15,9,September,3,2014,Monday
1116,2015-07-24,24,7,July,3,2015,Friday
1117,2014-02-23,23,2,February,1,2014,Sunday
1118,2015-06-05,5,6,June,2,2015,Friday
1119,2014-05-07,7,5,May,2,2014,Wednesday
1120,2017-02-05,5,2,February,1,2017,Sunday
1121,2016-05-10,10,5,May,2,2016,Tuesday
1122,2016-08-07,7,8,August,3,2016,Sunday
1123,2015-04-21,21,4,April,2,2015,Tuesday
1124,2017-01-13,13,1,January,1,2017,Friday
1125,2014-09-06,6,9,September,3,2014,Saturday
1126,2015-01-19,19,1,January,1,2015,Monday
1127,2017-05-25,25,5,May,2,2017,Thursday
1128,2014-11-05,5,11,November,4,2014,Wednesday
1129,2015-05-20,20,5,May,2,2015,Wednesday
1130,2014-07-04,4,7,July,3,2014,Friday
1131,2015-02-16,16,2,February,1,2015,Monday
1132,2016-07-24,24,7,July,3,2016,Sunday
1133,2014-08-12,12,8,August,3,2014,Tuesday
1134,2016-06-18,18,6,June,2,2016,Saturday
1135,2016-01-08,8,1,January,1,2016,Friday
1136,2015-12-16,16,12,December,4,2015,Wednesday
1137,2014-10-17,17,10,October,4,2014,Friday
1138,2015-05-24,24,5,May,2,2015,Sunday
1139,2017-07-24,24,7,July,3,2017,Monday
1140,2017-12-06,6,12,December,4,2017,Wednesday
1141,2015-10-16,16,10,October,4,2015,Friday
1142,2015-06-28,28,6,June,2,2015,Sunday
1143,2016-09-16,16,9,September,3,2016,Friday
1144,2017-05-26,26,5,May,2,2017,Friday
1145,2017-02-04,4,2,February,1,2017,Saturday
1146,2015-01-09,9,1,January,1,2015,Friday
1147,2016-08-19,19,8,August,3,2016,Friday
1148,2016-08-01,1,8,August,3,2016,Monday
1149,2014-10-09,9,10,October,4,2014,Thursday
1150,2015-05-13,13,5,May,2,2015,Wednesday
1151,2014-04-22,22,4,April,2,2014,Tuesday
1152,2016-02-12,12,2,February,1,2016,Friday
1153,2017-01-09,9,1,January,1,2017,Monday
1154,2017-08-16,16,8,August,3,2017,Wednesday
1155,2016-01-14,14,1,January,1,2016,Thursday
1156,2016-10-10,10,10,October,4,2016,Monday
1157,2016-01-23,23,1,January,1,2016,Saturday
1158,2015-02-10,10,2,February,1,2015,Tuesday
1159,2014-03-29,29,3,March,1,2014,Saturday
1160,2016-10-16,16,10,October,4,2016,Sunday
1161,2016-09-13,13,9,September,3,2016,Tuesday
1162,2017-11-29,29,11,November,4,2017,Wednesday
1163,2014-02-15,15,2,February,1,2014,Saturday
1164,2017-07-14,14,7,July,3,2017,Friday
1165,2014-11-20,20,11,November,4,2014,Thursday
1166,2014-02-22,22,2,February,1,2014,Saturday
1167,2014-04-15,15,4,April,2,2014,Tuesday
1168,2014-01-07,7,1,January,1,2014,Tuesday
1169,2017-09-13,13,9,September,3,2017,Wednesday
1170,2014-10-08,8,10,October,4,2014,Wednesday
1171,2017-07-02,2,7,July,3,2017,Sunday
1172,2015-01-06,6,1,January,1,2015,Tuesday
1173,2016-04-13,13,4,April,2,2016,Wednesday
1174,2016-02-14,14,2,February,1,2016,Sunday
1175,2014-05-16,16,5,May,2,2014,Friday
1176,2015-01-24,24,1,January,1,2015,Saturday
1177,2014-03-28,28,3,March,1,2014,Friday
1178,2015-07-14,14,7,July,3,2015,Tuesday
1179,2014-05-31,31,5,May,2,2014,Saturday
1180,2014-01-03,3,1,January,1,2014,Friday
1181,2016-07-20,20,7,July,3,2016,Wednesday
1182,2015-09-20,20,9,September,3,2015,Sunday
1183,2015-10-20,20,10,October,4,2015,Tuesday
1184,2017-11-08,8,11,November,4,2017,Wednesday
1185,2015-05-22,22,5,May,2,2015,Friday
1186,2016-03-09,9,3,March,1,2016,Wednesday
1187,2016-06-30,30,6,June,2,2016,Thursday
1188,2015-05-10,10,5,May,2,2015,Sunday
1189,2017-05-09,9,5,May,2,2017,Tuesday
1190,2017-07-26,26,7,July,3,2017,Wednesday
1191,2016-08-11,11,8,August,3,2016,Thursday
1192,2017-04-06,6,4,April,2,2017,Thursday
1193,2017-03-14,14,3,March,1,2017,Tuesday
1194,2016-03-06,6,3,March,1,2016,Sunday
1195,2014-08-30,30,8,August,3,2014,Saturday
1196,2014-03-05,5,3,March,1,2014,Wednesday
1197,2016-03-27,27,3,March,1,2016,Sunday
1198,2016-04-02,2,4,April,2,2016,Saturday
1199,2016-01-28,28,1,January,1,2016,Thursday
1200,2016-11-09,9,11,November,4,2016,Wednesday
1201,2017-10-24,24,10,October,4,2017,Tuesday
1202,2014-10-01,1,10,October,4,2014,Wednesday
1203,2015-02-23,23,2,February,1,2015,Monday
1204,2016-04-06,6,4,April,2,2016,Wednesday
1205,2014-05-08,8,5,May,2,2014,Thursday
1206,2016-02-09,9,2,February,1,2016,Tuesday
1207,2016-05-31,31,5,May,2,2016,Tuesday
1208,2015-01-26,26,1,January,1,2015,Monday
1209,2017-10-10,10,10,October,4,2017,Tuesday
1210,2017-07-12,12,7,July,3,2017,Wednesday
1211,2015-05-18,18,5,May,2,2015,Monday
1212,2016-02-28,28,2,February,1,2016,Sunday
1213,2014-01-23,23,1,January,1,2014,Thursday
1214,2015-06-08,8,6,June,2,2015,Monday
1215,2014-02-08,8,2,February,1,2014,Saturday
1216,2015-11-11,11,11,November,4,2015,Wednesday
1217,2017-02-21,21,2,February,1,2017,Tuesday
1218,2015-09-16,16,9,September,3,2015,Wednesday
1219,2014-06-24,24,6,June,2,2014,Tuesday
1220,2014-10-27,27,10,October,4,2014,Monday
1221,2014-02-27,27,2,February,1,2014,Thursday
1222,2016-08-05,5,8,August,3,2016,Friday
1223,2014-02-17,17,2,February,1,2014,Monday
1224,2015-05-11,11,5,May,2,2015,Monday
1225,2015-04-14,14,4,April,2,2015,Tuesday
1226,2015-01-28,28,1,January,1,2015,Wednesday
1227,2014-06-10,10,6,June,2,2014,Tuesday
1228,2016-10-11,11,10,October,4,2016,Tuesday
1229,2014-06-18,18,6,June,2,2014,Wednesday
1230,2017-02-28,28,2,February,1,2017,Tuesday
1231,2015-05-09,9,5,May,2,2015,Saturday
1232,2014-11-06,6,11,November,4,2014,Thursday
1233,2015-12-29,29,12,December,4,2015,Tuesday
1234,2014-04-03,3,4,April,2,2014,Thursday
1235,2016-06-03,3,6,June,2,2016,Friday
1236,2015-04-12,12,4,April,2,2015,Sunday
1237,2014-01-21,21,1,January,1,2014,Tuesday
1238,2014-05-15,15,5,May,2,2014,Thursday
1239,2015-09-30,30,9,September,3,2015,Wednesday
1240,2016-01-20,20,1,January,1,2016,Wednesday
1241,2015-05-05,5,5,May,2,2015,Tuesday
1242,2015-02-05,5,2,February,1,2015,Thursday
1243,2016-10-19,19,10,October,4,2016,Wednesday
1244,2016-09-07,7,9,September,3,2016,Wednesday
1245,2016-03-16,16,3,March,1,2016,Wednesday
1246,2015-06-02,2,6,June,2,2015,Tuesday
1247,2015-06-03,3,6,June,2,2015,Wednesday
1248,2014-03-06,6,3,March,1,2014,Thursday
1249,2015-10-14,14,10,October,4,2015,Wednesday
1250,2017-06-07,7,6,June,2,2017,Wednesday
1251,2015-02-13,13,2,February,1,2015,Friday
1252,2015-03-04,4,3,March,1,2015,Wednesday
1253,2018-01-02,2,1,January,1,2018,Tuesday
1254,2016-04-27,27,4,April,2,2016,Wednesday
1255,2016-04-29,29,4,April,2,2016,Friday
1256,2014-07-17,17,7,July,3,2014,Thursday
1257,2014-04-17,17,4,April,2,2014,Thursday
1258,2015-12-02,2,12,December,4,2015,Wednesday
1259,2015-11-04,4,11,November,4,2015,Wednesday
1260,2017-12-12,12,12,December,4,2017,Tuesday
1261,2017-06-28,28,6,June,2,2017,Wednesday
1262,2014-12-25,25,12,December,4,2014,Thursday
1263,2016-11-02,2,11,November,4,2016,Wednesday
1264,2017-01-25,25,1,January,1,2017,Wednesday
1265,2016-06-01,1,6,June,2,2016,Wednesday
1266,2014-09-18,18,9,September,3,2014,Thursday
1267,2018-01-04,4,1,January,1,2018,Thursday
1268,2018-01-05,5,1,January,1,2018,Friday
1269,2017-06-23,23,6,June,2,2017,Friday
1270,2017-05-24,24,5,May,2,2017,Wednesday
1271,2016-02-18,18,2,February,1,2016,Thursday
1272,2014-01-08,8,1,January,1,2014,Wednesday
1273,2015-10-06,6,10,October,4,2015,Tuesday
1274,2015-06-30,30,6,June,2,2015,Tuesday
1275,2016-07-27,27,7,July,3,2016,Wednesday
1276,2016-02-24,24,2,February,1,2016,Wednesday
1277,2014-04-10,10,4,April,2,2014,Thursday
1278,2018-01-03,3,1,January,1,2018,Wednesday
1279,2015-04-15,15,4,April,2,2015,Wednesday
1280,2017-09-06,6,9,September,3,2017,Wednesday
1281,2015-07-28,28,7,July,3,2015,Tuesday
1282,2018-01-01,1,1,January,1,2018,Monday
1283,2017-01-10,10,1,January,1,2017,Tuesday
1284,2016-01-13,13,1,January,1,2016,Wednesday
1285,2015-04-08,8,4,April,2,2015,Wednesday
1286,2015-07-29,29,7,July,3,2015,Wednesday
1287,2016-12-07,7,12,December,4,2016,Wednesday
1288,2017-07-04,4,7,July,3,2017,Tuesday
1289,2014-03-08,8,3,March,1,2014,Saturday
1290,2014-07-16,16,7,July,3,2014,Wednesday
1291,2016-12-28,28,12,December,4,2016,Wednesday
1292,2017-09-27,27,9,September,3,2017,Wednesday
1293,2015-10-07,7,10,October,4,2015,Wednesday
1294,2017-02-08,8,2,February,1,2017,Wednesday
1295,2017-10-18,18,10,October,4,2017,Wednesday
1296,2017-01-04,4,1,January,1,2017,Wednesday
1297,2017-10-25,25,10,October,4,2017,Wednesday
1298,2016-07-13,13,7,July,3,2016,Wednesday
1299,2017-01-31,31,1,January,1,2017,Tuesday
1300,2017-08-08,8,8,August,3,2017,Tuesday
1301,2014-04-24,24,4,April,2,2014,Thursday
1302,2014-08-14,14,8,August,3,2014,Thursday
1303,2017-02-14,14,2,February,1,2017,Tuesday
1304,2016-06-22,22,6,June,2,2016,Wednesday
1305,2015-03-18,18,3,March,1,2015,Wednesday
1306,2014-04-09,9,4,April,2,2014,Wednesday
1307,2015-03-25,25,3,March,1,2015,Wednesday
1308,2014-12-18,18,12,December,4,2014,Thursday
1309,2015-08-12,12,8,August,3,2015,Wednesday
1310,2016-05-13,13,5,May,2,2016,Friday
1311,2015-09-29,29,9,September,3,2015,Tuesday
1312,2015-01-15,15,1,January,1,2015,Thursday
1313,2015-07-15,15,7,July,3,2015,Wednesday
1314,2015-02-04,4,2,February,1,2015,Wednesday
1315,2016-05-04,4,5,May,2,2016,Wednesday
1316,2015-09-09,9,9,September,3,2015,Wednesday
1317,2014-01-12,12,1,January,1,2014,Sunday
1318,2015-02-19,19,2,February,1,2015,Thursday
1319,2017-08-30,30,8,August,3,2017,Wednesday
1320,2016-07-11,11,7,July,3,2016,Monday
1321,2016-08-10,10,8,August,3,2016,Wednesday
1322,2014-06-11,11,6,June,2,2014,Wednesday
1323,2014-05-29,29,5,May,2,2014,Thursday
1324,2015-02-11,11,2,February,1,2015,Wednesday
1325,2017-08-02,2,8,August,3,2017,Wednesday
1326,2017-01-17,17,1,January,1,2017,Tuesday
1327,2017-04-18,18,4,April,2,2017,Tuesday
1328,2015-07-01,1,7,July,3,2015,Wednesday
1329,2014-01-17,17,1,January,1,2014,Friday
1330,2015-05-27,27,5,May,2,2015,Wednesday
1331,2014-02-09,9,2,February,1,2014,Sunday
1332,2016-09-21,21,9,September,3,2016,Wednesday
1333,2017-03-01,1,3,March,1,2017,Wednesday
1334,2017-07-19,19,7,July,3,2017,Wednesday
1335,2017-04-05,5,4,April,2,2017,Wednesday
1336,2016-01-12,12,1,January,1,2016,Tuesday
1337,2015-08-03,3,8,August,3,2015,Monday
1338,2015-08-26,26,8,August,3,2015,Wednesday
1339,2016-10-05,5,10,October,4,2016,Wednesday
1340,2015-03-11,11,3,March,1,2015,Wednesday
1341,2017-01-11,11,1,January,1,2017,Wednesday
1342,2015-09-02,2,9,September,3,2015,Wednesday
1343,2014-08-21,21,8,August,3,2014,Thursday
1344,2016-03-23,23,3,March,1,2016,Wednesday
1345,2017-10-11,11,10,October,4,2017,Wednesday
1346,2017-03-22,22,3,March,1,2017,Wednesday
1347,2017-12-31,31,12,December,4,2017,Sunday
1348,2015-01-29,29,1,January,1,2015,Thursday
1349,2017-05-17,17,5,May,2,2017,Wednesday
1350,2015-08-19,19,8,August,3,2015,Wednesday
1351,2015-08-30,30,8,August,3,2015,Sunday
1352,2017-01-18,18,1,January,1,2017,Wednesday
1353,2015-09-23,23,9,September,3,2015,Wednesday
1354,2015-11-18,18,11,November,4,2015,Wednesday
1355,2017-01-05,5,1,January,1,2017,Thursday
1356,2016-01-19,19,1,January,1,2016,Tuesday
1357,2014-02-25,25,2,February,1,2014,Tuesday
1358,2014-05-01,1,5,May,2,2014,Thursday
1359,2016-08-24,24,8,August,3,2016,Wednesday
1360,2015-06-17,17,6,June,2,2015,Wednesday
1361,2014-12-11,11,12,December,4,2014,Thursday
1362,2016-02-26,26,2,February,1,2016,Friday
1363,2014-07-24,24,7,July,3,2014,Thursday
1364,2017-04-19,19,4,April,2,2017,Wednesday
1365,2014-07-03,3,7,July,3,2014,Thursday
1366,2016-01-01,1,1,January,1,2016,Friday
1367,2014-09-04,4,9,September,3,2014,Thursday
1368,2015-08-14,14,8,August,3,2015,Friday
1369,2014-08-18,18,8,August,3,2014,Monday
1370,2015-01-01,1,1,January,1,2015,Thursday
1371,2015-08-20,20,8,August,3,2015,Thursday
1372,2014-08-13,13,8,August,3,2014,Wednesday
1373,2014-04-27,27,4,April,2,2014,Sunday
1374,2016-10-26,26,10,October,4,2016,Wednesday
1375,2016-07-06,6,7,July,3,2016,Wednesday
1376,2016-12-21,21,12,December,4,2016,Wednesday
1377,2014-06-12,12,6,June,2,2014,Thursday
1378,2017-02-22,22,2,February,1,2017,Wednesday
1379,2014-07-29,29,7,July,3,2014,Tuesday
1380,2015-10-27,27,10,October,4,2015,Tuesday
1381,2015-01-08,8,1,January,1,2015,Thursday
1382,2015-02-24,24,2,February,1,2015,Tuesday
1383,2014-06-26,26,6,June,2,2014,Thursday
1384,2015-04-23,23,4,April,2,2015,Thursday
1385,2016-04-20,20,4,April,2,2016,Wednesday
1386,2014-10-30,30,10,October,4,2014,Thursday
1387,2016-01-27,27,1,January,1,2016,Wednesday
1388,2014-03-09,9,3,March,1,2014,Sunday
1389,2016-07-26,26,7,July,3,2016,Tuesday
1390,2017-06-14,14,6,June,2,2017,Wednesday
1391,2014-02-26,26,2,February,1,2014,Wednesday
1392,2016-01-26,26,1,January,1,2016,Tuesday
1393,2014-06-05,5,6,June,2,2014,Thursday
1394,2014-07-10,10,7,July,3,2014,Thursday
1395,2017-02-01,1,2,February,1,2017,Wednesday
1396,2017-03-15,15,3,March,1,2017,Wednesday
1397,2016-10-12,12,10,October,4,2016,Wednesday
1398,2015-06-27,27,6,June,2,2015,Saturday
1399,2017-02-07,7,2,February,1,2017,Tuesday
1400,2015-01-18,18,1,January,1,2015,Sunday
1401,2015-01-22,22,1,January,1,2015,Thursday
1402,2017-05-31,31,5,May,2,2017,Wednesday
1403,2014-02-19,19,2,February,1,2014,Wednesday
1404,2014-01-25,25,1,January,1,2014,Saturday
1405,2016-02-10,10,2,February,1,2016,Wednesday
1406,2015-04-03,3,4,April,2,2015,Friday
1407,2015-07-22,22,7,July,3,2015,Wednesday
1408,2014-08-07,7,8,August,3,2014,Thursday
1409,2014-11-13,13,11,November,4,2014,Thursday
1410,2016-04-11,11,4,April,2,2016,Monday
1411,2016-01-29,29,1,January,1,2016,Friday
1412,2017-05-10,10,5,May,2,2017,Wednesday
1413,2015-05-06,6,5,May,2,2015,Wednesday
1414,2014-10-23,23,10,October,4,2014,Thursday
1415,2015-06-10,10,6,June,2,2015,Wednesday
1416,2017-08-09,9,8,August,3,2017,Wednesday
1417,2017-02-27,27,2,February,1,2017,Monday
1418,2014-03-13,13,3,March,1,2014,Thursday
1419,2017-02-12,12,2,February,1,2017,Sunday
1420,2015-07-21,21,7,July,3,2015,Tuesday
1421,2015-05-19,19,5,May,2,2015,Tuesday
1422,2015-01-07,7,1,January,1,2015,Wednesday
1423,2015-06-24,24,6,June,2,2015,Wednesday
1424,2016-03-02,2,3,March,1,2016,Wednesday
1425,2014-03-20,20,3,March,1,2014,Thursday
1426,2014-01-29,29,1,January,1,2014,Wednesday
1427,2017-02-15,15,2,February,1,2017,Wednesday
1428,2015-03-03,3,3,March,1,2015,Tuesday
1429,2014-08-28,28,8,August,3,2014,Thursday
1430,2014-02-10,10,2,February,1,2014,Monday
1431,2015-02-01,1,2,February,1,2015,Sunday
1432,2014-08-10,10,8,August,3,2014,Sunday
1433,2014-03-12,12,3,March,1,2014,Wednesday
1434,2016-08-25,25,8,August,3,2016,Thursday
